[
  {
    "name": "Application Start",
    "start": 1555323827218,
    "end": 1555323828602,
    "duration": 1384,
    "pid": 28176,
    "index": 0
  },
  {
    "name": "Load Plugin",
    "start": 1555323827222,
    "end": 1555323827238,
    "duration": 16,
    "pid": 28176,
    "index": 1
  },
  {
    "name": "Load Config",
    "start": 1555323827238,
    "end": 1555323827256,
    "duration": 18,
    "pid": 28176,
    "index": 2
  },
  {
    "name": "Require(0) config/config.default.js",
    "start": 1555323827238,
    "end": 1555323827239,
    "duration": 1,
    "pid": 28176,
    "index": 3
  },
  {
    "name": "Require(1) node_modules/egg-session/config/config.default.js",
    "start": 1555323827241,
    "end": 1555323827241,
    "duration": 0,
    "pid": 28176,
    "index": 4
  },
  {
    "name": "Require(2) node_modules/egg-security/config/config.default.js",
    "start": 1555323827242,
    "end": 1555323827242,
    "duration": 0,
    "pid": 28176,
    "index": 5
  },
  {
    "name": "Require(3) node_modules/egg-jsonp/config/config.default.js",
    "start": 1555323827244,
    "end": 1555323827244,
    "duration": 0,
    "pid": 28176,
    "index": 6
  },
  {
    "name": "Require(4) node_modules/egg-onerror/config/config.default.js",
    "start": 1555323827245,
    "end": 1555323827245,
    "duration": 0,
    "pid": 28176,
    "index": 7
  },
  {
    "name": "Require(5) node_modules/egg-i18n/config/config.default.js",
    "start": 1555323827245,
    "end": 1555323827246,
    "duration": 1,
    "pid": 28176,
    "index": 8
  },
  {
    "name": "Require(6) node_modules/egg-watcher/config/config.default.js",
    "start": 1555323827246,
    "end": 1555323827247,
    "duration": 1,
    "pid": 28176,
    "index": 9
  },
  {
    "name": "Require(7) node_modules/egg-schedule/config/config.default.js",
    "start": 1555323827247,
    "end": 1555323827247,
    "duration": 0,
    "pid": 28176,
    "index": 10
  },
  {
    "name": "Require(8) node_modules/egg-multipart/config/config.default.js",
    "start": 1555323827248,
    "end": 1555323827248,
    "duration": 0,
    "pid": 28176,
    "index": 11
  },
  {
    "name": "Require(9) node_modules/egg-logrotator/config/config.default.js",
    "start": 1555323827248,
    "end": 1555323827249,
    "duration": 1,
    "pid": 28176,
    "index": 12
  },
  {
    "name": "Require(10) node_modules/egg-static/config/config.default.js",
    "start": 1555323827249,
    "end": 1555323827249,
    "duration": 0,
    "pid": 28176,
    "index": 13
  },
  {
    "name": "Require(11) node_modules/egg-view/config/config.default.js",
    "start": 1555323827250,
    "end": 1555323827250,
    "duration": 0,
    "pid": 28176,
    "index": 14
  },
  {
    "name": "Require(12) node_modules/egg-mysql/config/config.default.js",
    "start": 1555323827250,
    "end": 1555323827251,
    "duration": 1,
    "pid": 28176,
    "index": 15
  },
  {
    "name": "Require(13) node_modules/egg-validate/config/config.default.js",
    "start": 1555323827251,
    "end": 1555323827251,
    "duration": 0,
    "pid": 28176,
    "index": 16
  },
  {
    "name": "Require(14) node_modules/egg-cors/config/config.default.js",
    "start": 1555323827252,
    "end": 1555323827252,
    "duration": 0,
    "pid": 28176,
    "index": 17
  },
  {
    "name": "Require(15) node_modules/egg/config/config.default.js",
    "start": 1555323827252,
    "end": 1555323827253,
    "duration": 1,
    "pid": 28176,
    "index": 18
  },
  {
    "name": "Require(16) config/config.default.js",
    "start": 1555323827254,
    "end": 1555323827254,
    "duration": 0,
    "pid": 28176,
    "index": 19
  },
  {
    "name": "Require(17) node_modules/egg-static/config/config.prod.js",
    "start": 1555323827255,
    "end": 1555323827255,
    "duration": 0,
    "pid": 28176,
    "index": 20
  },
  {
    "name": "Load extend/application.js",
    "start": 1555323827257,
    "end": 1555323827273,
    "duration": 16,
    "pid": 28176,
    "index": 21
  },
  {
    "name": "Require(18) node_modules/egg-session/app/extend/application.js",
    "start": 1555323827257,
    "end": 1555323827258,
    "duration": 1,
    "pid": 28176,
    "index": 22
  },
  {
    "name": "Require(19) node_modules/egg-security/app/extend/application.js",
    "start": 1555323827258,
    "end": 1555323827260,
    "duration": 2,
    "pid": 28176,
    "index": 23
  },
  {
    "name": "Require(20) node_modules/egg-jsonp/app/extend/application.js",
    "start": 1555323827260,
    "end": 1555323827262,
    "duration": 2,
    "pid": 28176,
    "index": 24
  },
  {
    "name": "Require(21) node_modules/egg-logrotator/app/extend/application.js",
    "start": 1555323827263,
    "end": 1555323827269,
    "duration": 6,
    "pid": 28176,
    "index": 25
  },
  {
    "name": "Require(22) node_modules/egg-view/app/extend/application.js",
    "start": 1555323827270,
    "end": 1555323827271,
    "duration": 1,
    "pid": 28176,
    "index": 26
  },
  {
    "name": "Load extend/request.js",
    "start": 1555323827273,
    "end": 1555323827277,
    "duration": 4,
    "pid": 28176,
    "index": 27
  },
  {
    "name": "Require(23) node_modules/egg/app/extend/request.js",
    "start": 1555323827274,
    "end": 1555323827275,
    "duration": 1,
    "pid": 28176,
    "index": 28
  },
  {
    "name": "Load extend/response.js",
    "start": 1555323827277,
    "end": 1555323827280,
    "duration": 3,
    "pid": 28176,
    "index": 29
  },
  {
    "name": "Require(24) node_modules/egg/app/extend/response.js",
    "start": 1555323827278,
    "end": 1555323827279,
    "duration": 1,
    "pid": 28176,
    "index": 30
  },
  {
    "name": "Load extend/context.js",
    "start": 1555323827280,
    "end": 1555323827335,
    "duration": 55,
    "pid": 28176,
    "index": 31
  },
  {
    "name": "Require(25) node_modules/egg-security/app/extend/context.js",
    "start": 1555323827281,
    "end": 1555323827293,
    "duration": 12,
    "pid": 28176,
    "index": 32
  },
  {
    "name": "Require(26) node_modules/egg-jsonp/app/extend/context.js",
    "start": 1555323827293,
    "end": 1555323827294,
    "duration": 1,
    "pid": 28176,
    "index": 33
  },
  {
    "name": "Require(27) node_modules/egg-i18n/app/extend/context.js",
    "start": 1555323827295,
    "end": 1555323827295,
    "duration": 0,
    "pid": 28176,
    "index": 34
  },
  {
    "name": "Require(28) node_modules/egg-multipart/app/extend/context.js",
    "start": 1555323827295,
    "end": 1555323827329,
    "duration": 34,
    "pid": 28176,
    "index": 35
  },
  {
    "name": "Require(29) node_modules/egg-view/app/extend/context.js",
    "start": 1555323827329,
    "end": 1555323827330,
    "duration": 1,
    "pid": 28176,
    "index": 36
  },
  {
    "name": "Require(30) node_modules/egg-validate/app/extend/context.js",
    "start": 1555323827331,
    "end": 1555323827332,
    "duration": 1,
    "pid": 28176,
    "index": 37
  },
  {
    "name": "Require(31) node_modules/egg/app/extend/context.js",
    "start": 1555323827332,
    "end": 1555323827334,
    "duration": 2,
    "pid": 28176,
    "index": 38
  },
  {
    "name": "Load extend/helper.js",
    "start": 1555323827335,
    "end": 1555323827356,
    "duration": 21,
    "pid": 28176,
    "index": 39
  },
  {
    "name": "Require(32) node_modules/egg-security/app/extend/helper.js",
    "start": 1555323827335,
    "end": 1555323827353,
    "duration": 18,
    "pid": 28176,
    "index": 40
  },
  {
    "name": "Require(33) node_modules/egg/app/extend/helper.js",
    "start": 1555323827355,
    "end": 1555323827355,
    "duration": 0,
    "pid": 28176,
    "index": 41
  },
  {
    "name": "Load app.js",
    "start": 1555323827357,
    "end": 1555323827405,
    "duration": 48,
    "pid": 28176,
    "index": 42
  },
  {
    "name": "Require(34) node_modules/egg-session/app.js",
    "start": 1555323827357,
    "end": 1555323827357,
    "duration": 0,
    "pid": 28176,
    "index": 43
  },
  {
    "name": "Require(35) node_modules/egg-security/app.js",
    "start": 1555323827358,
    "end": 1555323827360,
    "duration": 2,
    "pid": 28176,
    "index": 44
  },
  {
    "name": "Require(36) node_modules/egg-onerror/app.js",
    "start": 1555323827361,
    "end": 1555323827373,
    "duration": 12,
    "pid": 28176,
    "index": 45
  },
  {
    "name": "Require(37) node_modules/egg-i18n/app.js",
    "start": 1555323827373,
    "end": 1555323827384,
    "duration": 11,
    "pid": 28176,
    "index": 46
  },
  {
    "name": "Require(38) node_modules/egg-watcher/app.js",
    "start": 1555323827384,
    "end": 1555323827387,
    "duration": 3,
    "pid": 28176,
    "index": 47
  },
  {
    "name": "Require(39) node_modules/egg-schedule/app.js",
    "start": 1555323827387,
    "end": 1555323827388,
    "duration": 1,
    "pid": 28176,
    "index": 48
  },
  {
    "name": "Require(40) node_modules/egg-multipart/app.js",
    "start": 1555323827389,
    "end": 1555323827391,
    "duration": 2,
    "pid": 28176,
    "index": 49
  },
  {
    "name": "Require(41) node_modules/egg-logrotator/app.js",
    "start": 1555323827391,
    "end": 1555323827391,
    "duration": 0,
    "pid": 28176,
    "index": 50
  },
  {
    "name": "Require(42) node_modules/egg-static/app.js",
    "start": 1555323827392,
    "end": 1555323827392,
    "duration": 0,
    "pid": 28176,
    "index": 51
  },
  {
    "name": "Require(43) node_modules/egg-mysql/app.js",
    "start": 1555323827392,
    "end": 1555323827403,
    "duration": 11,
    "pid": 28176,
    "index": 52
  },
  {
    "name": "Require(44) node_modules/egg-validate/app.js",
    "start": 1555323827403,
    "end": 1555323827404,
    "duration": 1,
    "pid": 28176,
    "index": 53
  },
  {
    "name": "Require(45) node_modules/egg-cors/app.js",
    "start": 1555323827404,
    "end": 1555323827405,
    "duration": 1,
    "pid": 28176,
    "index": 54
  },
  {
    "name": "Before Start in node_modules/egg-watcher/lib/init.js:15:14",
    "start": 1555323827417,
    "end": 1555323827647,
    "duration": 230,
    "pid": 28176,
    "index": 55
  },
  {
    "name": "Before Start in node_modules/egg-mysql/lib/mysql.js:20:7",
    "start": 1555323827517,
    "end": 1555323828602,
    "duration": 1085,
    "pid": 28176,
    "index": 56
  },
  {
    "name": "Load Service",
    "start": 1555323827517,
    "end": 1555323827522,
    "duration": 5,
    "pid": 28176,
    "index": 57
  },
  {
    "name": "Load \"service\" to Context",
    "start": 1555323827518,
    "end": 1555323827522,
    "duration": 4,
    "pid": 28176,
    "index": 58
  },
  {
    "name": "Load Middleware",
    "start": 1555323827522,
    "end": 1555323827608,
    "duration": 86,
    "pid": 28176,
    "index": 59
  },
  {
    "name": "Load \"middlewares\" to Application",
    "start": 1555323827522,
    "end": 1555323827597,
    "duration": 75,
    "pid": 28176,
    "index": 60
  },
  {
    "name": "Load Controller",
    "start": 1555323827608,
    "end": 1555323827614,
    "duration": 6,
    "pid": 28176,
    "index": 61
  },
  {
    "name": "Load \"controller\" to Application",
    "start": 1555323827608,
    "end": 1555323827614,
    "duration": 6,
    "pid": 28176,
    "index": 62
  },
  {
    "name": "Load Router",
    "start": 1555323827614,
    "end": 1555323827616,
    "duration": 2,
    "pid": 28176,
    "index": 63
  },
  {
    "name": "Require(46) app/router.js",
    "start": 1555323827614,
    "end": 1555323827615,
    "duration": 1,
    "pid": 28176,
    "index": 64
  },
  {
    "name": "Before Start in node_modules/egg-core/lib/egg.js:303:10",
    "start": 1555323827615,
    "end": 1555323827628,
    "duration": 13,
    "pid": 28176,
    "index": 65
  }
]