[
  {
    "name": "Application Start",
    "start": 1555323781835,
    "end": 1555323783488,
    "duration": 1653,
    "pid": 20744,
    "index": 0
  },
  {
    "name": "Load Plugin",
    "start": 1555323781838,
    "end": 1555323781850,
    "duration": 12,
    "pid": 20744,
    "index": 1
  },
  {
    "name": "Load Config",
    "start": 1555323781850,
    "end": 1555323781869,
    "duration": 19,
    "pid": 20744,
    "index": 2
  },
  {
    "name": "Require(0) config/config.default.js",
    "start": 1555323781851,
    "end": 1555323781851,
    "duration": 0,
    "pid": 20744,
    "index": 3
  },
  {
    "name": "Require(1) node_modules/egg-session/config/config.default.js",
    "start": 1555323781852,
    "end": 1555323781853,
    "duration": 1,
    "pid": 20744,
    "index": 4
  },
  {
    "name": "Require(2) node_modules/egg-security/config/config.default.js",
    "start": 1555323781853,
    "end": 1555323781853,
    "duration": 0,
    "pid": 20744,
    "index": 5
  },
  {
    "name": "Require(3) node_modules/egg-jsonp/config/config.default.js",
    "start": 1555323781854,
    "end": 1555323781854,
    "duration": 0,
    "pid": 20744,
    "index": 6
  },
  {
    "name": "Require(4) node_modules/egg-onerror/config/config.default.js",
    "start": 1555323781854,
    "end": 1555323781855,
    "duration": 1,
    "pid": 20744,
    "index": 7
  },
  {
    "name": "Require(5) node_modules/egg-i18n/config/config.default.js",
    "start": 1555323781855,
    "end": 1555323781856,
    "duration": 1,
    "pid": 20744,
    "index": 8
  },
  {
    "name": "Require(6) node_modules/egg-watcher/config/config.default.js",
    "start": 1555323781856,
    "end": 1555323781856,
    "duration": 0,
    "pid": 20744,
    "index": 9
  },
  {
    "name": "Require(7) node_modules/egg-schedule/config/config.default.js",
    "start": 1555323781857,
    "end": 1555323781857,
    "duration": 0,
    "pid": 20744,
    "index": 10
  },
  {
    "name": "Require(8) node_modules/egg-multipart/config/config.default.js",
    "start": 1555323781857,
    "end": 1555323781858,
    "duration": 1,
    "pid": 20744,
    "index": 11
  },
  {
    "name": "Require(9) node_modules/egg-development/config/config.default.js",
    "start": 1555323781858,
    "end": 1555323781858,
    "duration": 0,
    "pid": 20744,
    "index": 12
  },
  {
    "name": "Require(10) node_modules/egg-logrotator/config/config.default.js",
    "start": 1555323781859,
    "end": 1555323781859,
    "duration": 0,
    "pid": 20744,
    "index": 13
  },
  {
    "name": "Require(11) node_modules/egg-static/config/config.default.js",
    "start": 1555323781859,
    "end": 1555323781859,
    "duration": 0,
    "pid": 20744,
    "index": 14
  },
  {
    "name": "Require(12) node_modules/egg-view/config/config.default.js",
    "start": 1555323781860,
    "end": 1555323781860,
    "duration": 0,
    "pid": 20744,
    "index": 15
  },
  {
    "name": "Require(13) node_modules/egg-mysql/config/config.default.js",
    "start": 1555323781860,
    "end": 1555323781862,
    "duration": 2,
    "pid": 20744,
    "index": 16
  },
  {
    "name": "Require(14) node_modules/egg-validate/config/config.default.js",
    "start": 1555323781863,
    "end": 1555323781863,
    "duration": 0,
    "pid": 20744,
    "index": 17
  },
  {
    "name": "Require(15) node_modules/egg-cors/config/config.default.js",
    "start": 1555323781863,
    "end": 1555323781864,
    "duration": 1,
    "pid": 20744,
    "index": 18
  },
  {
    "name": "Require(16) node_modules/egg/config/config.default.js",
    "start": 1555323781864,
    "end": 1555323781864,
    "duration": 0,
    "pid": 20744,
    "index": 19
  },
  {
    "name": "Require(17) config/config.default.js",
    "start": 1555323781865,
    "end": 1555323781865,
    "duration": 0,
    "pid": 20744,
    "index": 20
  },
  {
    "name": "Require(18) node_modules/egg-security/config/config.local.js",
    "start": 1555323781866,
    "end": 1555323781866,
    "duration": 0,
    "pid": 20744,
    "index": 21
  },
  {
    "name": "Require(19) node_modules/egg-watcher/config/config.local.js",
    "start": 1555323781866,
    "end": 1555323781867,
    "duration": 1,
    "pid": 20744,
    "index": 22
  },
  {
    "name": "Require(20) node_modules/egg-view/config/config.local.js",
    "start": 1555323781867,
    "end": 1555323781868,
    "duration": 1,
    "pid": 20744,
    "index": 23
  },
  {
    "name": "Require(21) node_modules/egg/config/config.local.js",
    "start": 1555323781868,
    "end": 1555323781868,
    "duration": 0,
    "pid": 20744,
    "index": 24
  },
  {
    "name": "Load extend/application.js",
    "start": 1555323781870,
    "end": 1555323781882,
    "duration": 12,
    "pid": 20744,
    "index": 25
  },
  {
    "name": "Require(22) node_modules/egg-session/app/extend/application.js",
    "start": 1555323781870,
    "end": 1555323781870,
    "duration": 0,
    "pid": 20744,
    "index": 26
  },
  {
    "name": "Require(23) node_modules/egg-security/app/extend/application.js",
    "start": 1555323781871,
    "end": 1555323781871,
    "duration": 0,
    "pid": 20744,
    "index": 27
  },
  {
    "name": "Require(24) node_modules/egg-jsonp/app/extend/application.js",
    "start": 1555323781872,
    "end": 1555323781873,
    "duration": 1,
    "pid": 20744,
    "index": 28
  },
  {
    "name": "Require(25) node_modules/egg-logrotator/app/extend/application.js",
    "start": 1555323781874,
    "end": 1555323781878,
    "duration": 4,
    "pid": 20744,
    "index": 29
  },
  {
    "name": "Require(26) node_modules/egg-view/app/extend/application.js",
    "start": 1555323781879,
    "end": 1555323781880,
    "duration": 1,
    "pid": 20744,
    "index": 30
  },
  {
    "name": "Load extend/request.js",
    "start": 1555323781882,
    "end": 1555323781886,
    "duration": 4,
    "pid": 20744,
    "index": 31
  },
  {
    "name": "Require(27) node_modules/egg/app/extend/request.js",
    "start": 1555323781883,
    "end": 1555323781884,
    "duration": 1,
    "pid": 20744,
    "index": 32
  },
  {
    "name": "Load extend/response.js",
    "start": 1555323781886,
    "end": 1555323781890,
    "duration": 4,
    "pid": 20744,
    "index": 33
  },
  {
    "name": "Require(28) node_modules/egg/app/extend/response.js",
    "start": 1555323781887,
    "end": 1555323781888,
    "duration": 1,
    "pid": 20744,
    "index": 34
  },
  {
    "name": "Load extend/context.js",
    "start": 1555323781890,
    "end": 1555323781938,
    "duration": 48,
    "pid": 20744,
    "index": 35
  },
  {
    "name": "Require(29) node_modules/egg-security/app/extend/context.js",
    "start": 1555323781890,
    "end": 1555323781900,
    "duration": 10,
    "pid": 20744,
    "index": 36
  },
  {
    "name": "Require(30) node_modules/egg-jsonp/app/extend/context.js",
    "start": 1555323781900,
    "end": 1555323781902,
    "duration": 2,
    "pid": 20744,
    "index": 37
  },
  {
    "name": "Require(31) node_modules/egg-i18n/app/extend/context.js",
    "start": 1555323781902,
    "end": 1555323781902,
    "duration": 0,
    "pid": 20744,
    "index": 38
  },
  {
    "name": "Require(32) node_modules/egg-multipart/app/extend/context.js",
    "start": 1555323781903,
    "end": 1555323781933,
    "duration": 30,
    "pid": 20744,
    "index": 39
  },
  {
    "name": "Require(33) node_modules/egg-view/app/extend/context.js",
    "start": 1555323781934,
    "end": 1555323781935,
    "duration": 1,
    "pid": 20744,
    "index": 40
  },
  {
    "name": "Require(34) node_modules/egg-validate/app/extend/context.js",
    "start": 1555323781935,
    "end": 1555323781935,
    "duration": 0,
    "pid": 20744,
    "index": 41
  },
  {
    "name": "Require(35) node_modules/egg/app/extend/context.js",
    "start": 1555323781935,
    "end": 1555323781937,
    "duration": 2,
    "pid": 20744,
    "index": 42
  },
  {
    "name": "Load extend/helper.js",
    "start": 1555323781938,
    "end": 1555323781954,
    "duration": 16,
    "pid": 20744,
    "index": 43
  },
  {
    "name": "Require(36) node_modules/egg-security/app/extend/helper.js",
    "start": 1555323781938,
    "end": 1555323781952,
    "duration": 14,
    "pid": 20744,
    "index": 44
  },
  {
    "name": "Require(37) node_modules/egg/app/extend/helper.js",
    "start": 1555323781953,
    "end": 1555323781953,
    "duration": 0,
    "pid": 20744,
    "index": 45
  },
  {
    "name": "Load app.js",
    "start": 1555323781955,
    "end": 1555323781993,
    "duration": 38,
    "pid": 20744,
    "index": 46
  },
  {
    "name": "Require(38) node_modules/egg-session/app.js",
    "start": 1555323781955,
    "end": 1555323781955,
    "duration": 0,
    "pid": 20744,
    "index": 47
  },
  {
    "name": "Require(39) node_modules/egg-security/app.js",
    "start": 1555323781955,
    "end": 1555323781957,
    "duration": 2,
    "pid": 20744,
    "index": 48
  },
  {
    "name": "Require(40) node_modules/egg-onerror/app.js",
    "start": 1555323781957,
    "end": 1555323781964,
    "duration": 7,
    "pid": 20744,
    "index": 49
  },
  {
    "name": "Require(41) node_modules/egg-i18n/app.js",
    "start": 1555323781965,
    "end": 1555323781972,
    "duration": 7,
    "pid": 20744,
    "index": 50
  },
  {
    "name": "Require(42) node_modules/egg-watcher/app.js",
    "start": 1555323781973,
    "end": 1555323781976,
    "duration": 3,
    "pid": 20744,
    "index": 51
  },
  {
    "name": "Require(43) node_modules/egg-schedule/app.js",
    "start": 1555323781976,
    "end": 1555323781977,
    "duration": 1,
    "pid": 20744,
    "index": 52
  },
  {
    "name": "Require(44) node_modules/egg-multipart/app.js",
    "start": 1555323781977,
    "end": 1555323781979,
    "duration": 2,
    "pid": 20744,
    "index": 53
  },
  {
    "name": "Require(45) node_modules/egg-development/app.js",
    "start": 1555323781979,
    "end": 1555323781980,
    "duration": 1,
    "pid": 20744,
    "index": 54
  },
  {
    "name": "Require(46) node_modules/egg-logrotator/app.js",
    "start": 1555323781980,
    "end": 1555323781980,
    "duration": 0,
    "pid": 20744,
    "index": 55
  },
  {
    "name": "Require(47) node_modules/egg-static/app.js",
    "start": 1555323781980,
    "end": 1555323781981,
    "duration": 1,
    "pid": 20744,
    "index": 56
  },
  {
    "name": "Require(48) node_modules/egg-mysql/app.js",
    "start": 1555323781981,
    "end": 1555323781991,
    "duration": 10,
    "pid": 20744,
    "index": 57
  },
  {
    "name": "Require(49) node_modules/egg-validate/app.js",
    "start": 1555323781991,
    "end": 1555323781992,
    "duration": 1,
    "pid": 20744,
    "index": 58
  },
  {
    "name": "Require(50) node_modules/egg-cors/app.js",
    "start": 1555323781993,
    "end": 1555323781993,
    "duration": 0,
    "pid": 20744,
    "index": 59
  },
  {
    "name": "Before Start in node_modules/egg-watcher/lib/init.js:15:14",
    "start": 1555323782006,
    "end": 1555323782268,
    "duration": 262,
    "pid": 20744,
    "index": 60
  },
  {
    "name": "Before Start in node_modules/egg-mysql/lib/mysql.js:20:7",
    "start": 1555323782118,
    "end": 1555323783488,
    "duration": 1370,
    "pid": 20744,
    "index": 61
  },
  {
    "name": "Load Service",
    "start": 1555323782119,
    "end": 1555323782124,
    "duration": 5,
    "pid": 20744,
    "index": 62
  },
  {
    "name": "Load \"service\" to Context",
    "start": 1555323782119,
    "end": 1555323782124,
    "duration": 5,
    "pid": 20744,
    "index": 63
  },
  {
    "name": "Load Middleware",
    "start": 1555323782124,
    "end": 1555323782231,
    "duration": 107,
    "pid": 20744,
    "index": 64
  },
  {
    "name": "Load \"middlewares\" to Application",
    "start": 1555323782124,
    "end": 1555323782222,
    "duration": 98,
    "pid": 20744,
    "index": 65
  },
  {
    "name": "Load Controller",
    "start": 1555323782231,
    "end": 1555323782239,
    "duration": 8,
    "pid": 20744,
    "index": 66
  },
  {
    "name": "Load \"controller\" to Application",
    "start": 1555323782231,
    "end": 1555323782239,
    "duration": 8,
    "pid": 20744,
    "index": 67
  },
  {
    "name": "Load Router",
    "start": 1555323782239,
    "end": 1555323782242,
    "duration": 3,
    "pid": 20744,
    "index": 68
  },
  {
    "name": "Require(51) app/router.js",
    "start": 1555323782240,
    "end": 1555323782240,
    "duration": 0,
    "pid": 20744,
    "index": 69
  },
  {
    "name": "Before Start in node_modules/egg-core/lib/egg.js:303:10",
    "start": 1555323782241,
    "end": 1555323782256,
    "duration": 15,
    "pid": 20744,
    "index": 70
  }
]